Volumenindex des Auftragseingangs, Tiefbau
Datum;Originalwert, 2021=100;Originalwert, Veränderung gegenüber Vorjahresmonat in %;Trend-Konjunktur-Komponente (BV 4.1), 2021=100;Trend-Konjunktur-Komponente (BV 4.1), Veränderung gegenüber Vormonat in %;Kalender- und saisonbereinigte Werte (BV 4.1), 2021=100;Kalender- und saisonbereinigte Werte (BV 4.1), Veränderung gegenüber Vormonat in %;Restkomponente (BV 4.1)
01/03/1997;97,2;.;98,3;-1,0;95,2;-11,4;-3,1
01/04/1997;104,9;.;97,5;-0,9;97,5;2,4;0,0
01/05/1997;98,1;.;96,7;-0,8;95,9;-1,6;-0,8
01/06/1997;125,5;.;96,1;-0,6;100,3;4,5;4,2
01/07/1997;110,0;.;95,6;-0,5;92,9;-7,4;-2,7
01/08/1997;103,7;.;95,6;0,0;99,2;6,8;3,6
01/09/1997;119,6;.;96,1;0,5;90,1;-9,2;-6,0
01/10/1997;104,0;.;96,7;0,7;96,2;6,8;-0,5
01/11/1997;83,4;.;97,5;0,8;97,4;1,2;-0,1
01/12/1997;83,0;.;98,5;1,0;101,9;4,7;3,5
01/01/1998;61,8;1,3;99,6;1,1;98,7;-3,1;-0,8
01/02/1998;69,9;-15,3;100,8;1,2;98,0;-0,7;-2,8
01/03/1998;112,3;15,5;102,0;1,2;106,3;8,5;4,3
01/04/1998;106,8;1,8;103,1;1,1;103,3;-2,9;0,1
01/05/1998;105,2;7,2;104,1;0,9;102,3;-0,9;-1,8
01/06/1998;128,9;2,7;105,0;0,8;105,5;3,1;0,5
01/07/1998;125,7;14,3;105,6;0,6;106,9;1,3;1,3
01/08/1998;107,2;3,4;106,2;0,6;102,4;-4,2;-3,8
01/09/1998;143,5;20,0;106,6;0,3;113,4;10,7;6,8
01/10/1998;115,0;10,6;106,8;0,2;108,6;-4,2;1,8
01/11/1998;94,4;13,2;106,6;-0,2;109,4;0,7;2,8
01/12/1998;84,3;1,6;106,2;-0,3;102,0;-6,8;-4,2
01/01/1999;67,4;9,1;105,7;-0,5;106,2;4,1;0,5
01/02/1999;77,0;10,2;105,1;-0,6;104,6;-1,5;-0,5
01/03/1999;110,3;-1,8;104,3;-0,7;99,9;-4,5;-4,4
01/04/1999;107,0;0,2;103,6;-0,6;102,9;3,0;-0,7
01/05/1999;110,5;5,0;103,1;-0,5;105,4;2,5;2,4
01/06/1999;123,8;-4,0;102,5;-0,5;101,4;-3,8;-1,1
01/07/1999;120,8;-3,9;102,0;-0,5;103,9;2,4;1,8
01/08/1999;112,2;4,7;101,7;-0,3;105,6;1,7;3,9
01/09/1999;123,7;-13,8;101,2;-0,5;99,7;-5,5;-1,4
01/10/1999;102,2;-11,1;100,5;-0,6;98,3;-1,4;-2,2
01/11/1999;81,3;-13,9;99,9;-0,6;95,9;-2,4;-4,0
01/12/1999;88,6;5,1;99,2;-0,7;100,4;4,7;1,2
01/01/2000;62,4;-7,4;98,4;-0,9;100,3;-0,1;1,9
01/02/2000;75,2;-2,3;97,3;-1,0;98,1;-2,2;0,8
01/03/2000;111,2;0,8;96,4;-1,0;99,9;1,8;3,5
01/04/2000;98,5;-7,9;95,3;-1,1;96,5;-3,4;1,2
01/05/2000;106,3;-3,8;94,3;-1,1;92,3;-4,4;-2,1
01/06/2000;110,2;-11,0;93,6;-0,8;91,8;-0,5;-1,8
01/07/2000;102,2;-15,4;93,1;-0,6;92,1;0,4;-1,0
01/08/2000;100,6;-10,3;92,8;-0,3;90,4;-1,8;-2,3
01/09/2000;106,5;-13,9;92,7;-0,1;91,0;0,6;-1,7
01/10/2000;97,3;-4,8;92,7;-0,0;95,2;4,6;2,5
01/11/2000;81,1;-0,2;92,7;0,0;93,7;-1,5;1,0
01/12/2000;82,7;-6,7;92,6;-0,1;95,0;1,3;2,4
01/01/2001;54,6;-12,5;92,6;-0,0;89,4;-5,9;-3,2
01/02/2001;71,5;-4,9;92,6;0,1;93,7;4,8;1,0
01/03/2001;100,7;-9,4;92,8;0,2;90,2;-3,7;-2,6
01/04/2001;95,5;-3,0;93,1;0,3;91,7;1,7;-1,4
01/05/2001;109,8;3,3;93,4;0,3;97,2;6,0;3,8
01/06/2001;117,2;6,4;93,6;0,2;95,8;-1,4;2,2
01/07/2001;100,1;-2,1;93,8;0,2;93,1;-2,8;-0,7
01/08/2001;104,9;4,3;93,9;0,1;95,8;2,9;1,9
01/09/2001;102,6;-3,7;94,0;0,1;91,0;-5,1;-3,0
01/10/2001;95,7;-1,6;94,1;0,1;91,3;0,3;-2,8
01/11/2001;84,2;3,8;94,3;0,2;94,6;3,7;0,3
01/12/2001;77,3;-6,5;94,5;0,2;93,5;-1,1;-0,9
01/01/2002;62,8;15,0;94,6;0,2;96,4;3,1;1,8
01/02/2002;71,4;-0,1;94,8;0,2;94,5;-1,9;-0,2
01/03/2002;103,5;2,8;94,9;0,1;97,2;2,8;2,4
01/04/2002;106,4;11,4;95,0;0,1;98,1;0,9;3,1
01/05/2002;98,6;-10,2;94,8;-0,1;92,6;-5,6;-2,2
01/06/2002;114,5;-2,3;94,6;-0,3;93,4;0,9;-1,2
01/07/2002;104,4;4,3;94,3;-0,3;91,8;-1,8;-2,6
01/08/2002;98,1;-6,5;93,9;-0,4;92,5;0,8;-1,4
01/09/2002;113,3;10,4;93,5;-0,5;97,5;5,4;4,0
01/10/2002;100,6;5,1;92,8;-0,7;94,9;-2,6;2,1
01/11/2002;83,0;-1,4;92,0;-0,8;92,0;-3,1;-0,0
01/12/2002;74,8;-3,2;91,3;-0,8;91,2;-0,8;-0,1
01/01/2003;57,7;-8,1;90,6;-0,8;90,5;-0,8;-0,1
01/02/2003;65,4;-8,4;90,0;-0,7;89,3;-1,3;-0,6
01/03/2003;95,6;-7,6;89,3;-0,7;88,0;-1,5;-1,3
01/04/2003;90,9;-14,6;88,7;-0,7;85,4;-2,9;-3,3
01/05/2003;94,3;-4,4;88,2;-0,5;87,6;2,6;-0,6
01/06/2003;108,1;-5,6;87,9;-0,4;89,2;1,8;1,3
01/07/2003;106,4;1,9;87,3;-0,6;92,5;3,7;5,2
01/08/2003;88,9;-9,4;86,7;-0,7;85,6;-7,5;-1,1
01/09/2003;103,5;-8,6;86,0;-0,7;84,1;-1,8;-2,0
01/10/2003;89,7;-10,8;85,5;-0,6;84,3;0,3;-1,1
01/11/2003;73,5;-11,4;85,0;-0,6;85,5;1,4;0,5
01/12/2003;71,4;-4,5;84,3;-0,8;84,0;-1,8;-0,3
01/01/2004;51,0;-11,6;83,6;-0,8;82,3;-2,1;-1,4
01/02/2004;57,7;-11,8;83,1;-0,7;84,5;2,7;1,4
01/03/2004;94,9;-0,7;82,5;-0,7;85,1;0,7;2,6
01/04/2004;87,6;-3,6;81,8;-0,9;84,8;-0,3;3,1
01/05/2004;84,6;-10,3;81,0;-0,9;80,8;-4,8;-0,3
01/06/2004;103,1;-4,6;80,2;-1,0;80,1;-0,9;-0,2
01/07/2004;86,3;-18,9;79,3;-1,1;74,5;-6,9;-4,8
01/08/2004;86,2;-3,0;78,7;-0,8;76,6;2,8;-2,0
01/09/2004;98,5;-4,8;78,2;-0,6;79,5;3,7;1,3
01/10/2004;81,0;-9,7;77,7;-0,6;78,9;-0,7;1,2
01/11/2004;68,9;-6,3;77,5;-0,3;77,9;-1,2;0,5
01/12/2004;67,9;-4,9;77,4;-0,1;77,7;-0,3;0,3
01/01/2005;47,7;-6,5;77,5;0,1;79,5;2,3;2,0
01/02/2005;50,1;-13,2;77,7;0,2;76,2;-4,1;-1,5
01/03/2005;76,9;-19,0;78,0;0,4;75,0;-1,5;-2,9
01/04/2005;80,5;-8,1;78,5;0,7;75,3;0,3;-3,2
01/05/2005;86,2;1,9;79,1;0,7;79,5;5,6;0,4
01/06/2005;100,3;-2,7;79,6;0,7;77,6;-2,3;-1,9
01/07/2005;92,6;7,3;80,2;0,7;82,5;6,2;2,3
01/08/2005;105,7;22,6;80,7;0,6;87,5;6,0;6,8
01/09/2005;97,7;-0,8;81,0;0,4;80,9;-7,5;-0,1
01/10/2005;79,3;-2,1;81,3;0,3;81,6;0,8;0,3
01/11/2005;71,2;3,3;81,6;0,4;80,3;-1,6;-1,4
01/12/2005;70,4;3,7;81,8;0,2;82,2;2,4;0,4
01/01/2006;51,0;6,9;81,7;-0,1;79,6;-3,2;-2,1
01/02/2006;55,3;10,4;81,6;-0,2;80,4;1,0;-1,1
01/03/2006;86,8;12,9;81,3;-0,3;80,8;0,4;-0,5
01/04/2006;81,1;0,7;81,1;-0,2;81,5;0,9;0,4
01/05/2006;94,8;10,0;81,0;-0,1;82,8;1,7;1,8
01/06/2006;103,7;3,4;81,1;0,0;85,1;2,8;4,1
01/07/2006;92,4;-0,2;81,3;0,2;82,6;-3,0;1,3
01/08/2006;91,9;-13,1;81,5;0,2;79,8;-3,4;-1,7
01/09/2006;96,0;-1,7;81,5;0,1;81,0;1,6;-0,5
01/10/2006;76,1;-4,0;81,7;0,1;76,1;-6,0;-5,5
01/11/2006;73,4;3,1;81,7;0,1;80,2;5,4;-1,5
01/12/2006;65,3;-7,2;81,9;0,2;80,5;0,3;-1,5
01/01/2007;60,3;18,2;82,3;0,4;83,9;4,2;1,6
01/02/2007;62,3;12,7;82,8;0,6;85,7;2,2;2,9
01/03/2007;91,7;5,6;83,4;0,8;84,4;-1,5;1,0
01/04/2007;88,7;9,4;84,2;0,9;87,9;4,1;3,7
01/05/2007;90,7;-4,3;84,9;0,9;83,2;-5,4;-1,8
01/06/2007;98,9;-4,6;85,6;0,8;81,6;-1,8;-3,9
01/07/2007;91,7;-0,8;86,4;0,9;80,1;-1,9;-6,3
01/08/2007;91,0;-1,0;87,1;0,9;84,7;5,7;-2,5
01/09/2007;98,4;2,5;87,9;0,8;88,5;4,5;0,6
01/10/2007;103,6;36,1;88,4;0,6;96,9;9,5;8,5
01/11/2007;88,0;19,9;88,5;0,1;93,8;-3,2;5,3
01/12/2007;72,3;10,7;88,1;-0,4;90,7;-3,4;2,6
01/01/2008;64,9;7,6;87,5;-0,7;87,8;-3,1;0,4
01/02/2008;61,8;-0,8;86,7;-0,9;84,6;-3,7;-2,1
01/03/2008;87,9;-4,1;85,6;-1,3;86,2;1,9;0,6
01/04/2008;85,5;-3,6;84,3;-1,4;78,5;-8,9;-5,8
01/05/2008;89,1;-1,8;83,0;-1,6;82,6;5,3;-0,3
01/06/2008;97,6;-1,3;81,7;-1,5;80,8;-2,3;-0,9
01/07/2008;108,0;17,8;80,4;-1,6;87,7;8,5;7,3
01/08/2008;81,5;-10,4;79,1;-1,5;78,9;-10,0;-0,2
01/09/2008;90,0;-8,5;78,2;-1,2;77,8;-1,4;-0,4
01/10/2008;77,6;-25,1;77,9;-0,4;73,6;-5,5;-4,3
01/11/2008;61,6;-30,0;77,9;0,0;75,7;2,9;-2,2
01/12/2008;61,5;-14,9;78,3;0,5;75,7;-0,1;-2,6
01/01/2009;54,1;-16,6;78,6;0,4;79,1;4,5;0,5
01/02/2009;55,4;-10,4;78,9;0,4;77,2;-2,4;-1,7
01/03/2009;83,8;-4,7;79,3;0,5;76,8;-0,5;-2,5
01/04/2009;89,1;4,2;79,8;0,5;84,0;9,3;4,2
01/05/2009;86,8;-2,6;80,3;0,7;80,6;-4,0;0,3
01/06/2009;105,5;8,1;80,8;0,7;85,8;6,4;4,9
01/07/2009;99,0;-8,3;81,4;0,6;79,6;-7,1;-1,7
01/08/2009;87,4;7,2;81,7;0,5;83,4;4,7;1,6
01/09/2009;93,5;3,9;82,0;0,3;81,2;-2,6;-0,8
01/10/2009;81,8;5,4;81,9;-0,1;80,7;-0,5;-1,1
01/11/2009;62,4;1,3;81,8;-0,1;80,1;-0,8;-1,7
01/12/2009;69,8;13,5;81,5;-0,3;84,5;5,5;3,0
01/01/2010;49,7;-8,1;81,1;-0,5;80,0;-5,4;-1,1
01/02/2010;66,6;20,2;80,5;-0,7;83,9;4,9;3,4
01/03/2010;96,7;15,4;79,8;-0,9;81,4;-3,1;1,5
01/04/2010;83,1;-6,7;79,0;-1,0;76,7;-5,7;-2,3
01/05/2010;85,2;-1,8;78,4;-0,8;79,3;3,3;0,8
01/06/2010;93,9;-11,0;77,9;-0,7;75,3;-5,0;-2,5
01/07/2010;89,8;-9,3;77,5;-0,5;73,5;-2,4;-4,0
01/08/2010;80,5;-7,9;77,3;-0,2;77,0;4,8;-0,3
01/09/2010;90,3;-3,4;77,2;-0,1;78,6;2,0;1,4
01/10/2010;80,9;-1,1;77,2;-0,1;82,0;4,4;4,8
01/11/2010;63,6;1,9;77,0;-0,2;77,8;-5,1;0,8
01/12/2010;58,7;-15,9;76,9;-0,2;73,5;-5,5;-3,3
01/01/2011;47,5;-4,4;76,8;-0,0;76,1;3,5;-0,7
01/02/2011;59,1;-11,3;77,0;0,2;74,7;-1,9;-2,3
01/03/2011;95,1;-1,7;77,1;0,1;78,1;4,6;1,0
01/04/2011;85,9;3,4;77,2;0,2;77,1;-1,2;-0,1
01/05/2011;85,9;0,8;77,4;0,2;76,2;-1,2;-1,2
01/06/2011;89,4;-4,8;77,7;0,4;77,2;1,3;-0,5
01/07/2011;99,9;11,2;78,1;0,5;82,8;7,3;4,8
01/08/2011;84,1;4,5;78,4;0,5;77,9;-6,0;-0,6
01/09/2011;87,8;-2,8;78,8;0,4;78,8;1,1;-0,0
01/10/2011;67,3;-16,8;79,2;0,5;76,1;-3,4;-3,1
01/11/2011;66,7;4,9;79,5;0,4;79,9;5,0;0,4
01/12/2011;65,5;11,6;79,7;0,2;80,9;1,2;1,2
01/01/2012;55,7;17,3;79,5;-0,2;80,8;-0,1;1,3
01/02/2012;68,6;16,1;79,1;-0,5;79,5;-1,6;0,3
01/03/2012;93,4;-1,8;78,8;-0,4;77,9;-2,0;-0,9
01/04/2012;89,1;3,7;78,4;-0,4;81,5;4,7;3,1
01/05/2012;88,6;3,1;78,0;-0,5;80,1;-1,7;2,1
01/06/2012;91,8;2,7;77,5;-0,6;76,7;-4,3;-0,8
01/07/2012;92,2;-7,7;77,1;-0,5;74,2;-3,3;-3,0
01/08/2012;82,6;-1,8;76,9;-0,3;76,2;2,7;-0,7
01/09/2012;78,9;-10,1;76,8;-0,1;76,4;0,3;-0,4
01/10/2012;99,0;47,1;76,8;0,0;107,0;40,1;30,2
01/11/2012;61,0;-8,5;77,0;0,2;76,4;-28,7;-0,6
01/12/2012;58,0;-11,5;77,3;0,4;76,8;0,6;-0,5
01/01/2013;55,5;-0,4;77,9;0,7;77,8;1,3;-0,1
01/02/2013;69,7;1,6;78,5;0,8;81,1;4,2;2,6
01/03/2013;90,7;-2,9;79,1;0,7;79,9;-1,4;0,9
01/04/2013;88,0;-1,2;79,7;0,7;75,4;-5,6;-4,2
01/05/2013;83,4;-5,9;80,4;0,9;77,8;3,1;-2,6
01/06/2013;96,7;5,3;81,2;1,0;83,8;7,7;2,6
01/07/2013;106,0;15,0;81,8;0,7;84,3;0,6;2,5
01/08/2013;89,1;7,9;82,2;0,5;82,9;-1,7;0,7
01/09/2013;83,4;5,7;82,4;0,3;82,2;-0,8;-0,2
01/10/2013;78,1;-21,1;82,5;0,1;84,3;2,6;1,8
01/11/2013;67,1;10,0;82,6;0,1;82,5;-2,1;-0,0
01/12/2013;67,1;15,7;82,3;-0,3;85,3;3,3;2,9
01/01/2014;58,4;5,2;82,0;-0,5;79,8;-6,4;-2,1
01/02/2014;66,3;-4,9;81,5;-0,6;78,5;-1,6;-2,9
01/03/2014;92,4;1,9;81,1;-0,5;78,7;0,2;-2,3
01/04/2014;97,5;10,8;80,6;-0,5;85,1;8,1;4,5
01/05/2014;90,3;8,3;80,1;-0,7;80,4;-5,5;0,3
01/06/2014;87,1;-9,9;79,7;-0,5;77,5;-3,6;-2,1
01/07/2014;97,8;-7,7;79,4;-0,3;80,6;3,9;1,2
01/08/2014;84,0;-5,7;79,3;-0,1;80,8;0,3;1,5
01/09/2014;82,5;-1,1;79,1;-0,2;80,0;-1,0;0,8
01/10/2014;71,1;-9,0;78,9;-0,3;78,1;-2,3;-0,8
01/11/2014;60,4;-10,0;78,6;-0,4;78,3;0,2;-0,3
01/12/2014;58,4;-13,0;78,4;-0,2;73,5;-6,1;-4,9
01/01/2015;62,9;7,7;78,3;-0,1;80,8;10,0;2,5
01/02/2015;68,5;3,3;78,3;0,0;79,2;-2,1;0,9
01/03/2015;97,5;5,5;78,4;0,1;79,5;0,4;1,1
01/04/2015;86,7;-11,1;78,7;0,5;75,4;-5,1;-3,3
01/05/2015;87,5;-3,1;79,4;0,8;81,2;7,7;1,8
01/06/2015;94,8;8,8;80,4;1,3;80,6;-0,8;0,1
01/07/2015;90,7;-7,3;81,6;1,5;79,0;-1,9;-2,6
01/08/2015;81,8;-2,6;83,0;1,7;82,6;4,5;-0,4
01/09/2015;84,7;2,7;84,4;1,7;83,8;1,5;-0,7
01/10/2015;77,5;9,0;85,8;1,7;83,5;-0,3;-2,3
01/11/2015;71,9;19,0;87,2;1,6;88,0;5,4;0,8
01/12/2015;80,3;37,5;88,4;1,4;92,2;4,8;3,8
01/01/2016;68,3;8,6;89,5;1,3;89,5;-2,9;0,0
01/02/2016;83,6;22,0;90,4;1,0;92,4;3,2;2,0
01/03/2016;113,1;16,0;91,2;0,9;92,1;-0,3;0,9
01/04/2016;107,3;23,8;91,8;0,7;92,2;0,0;0,3
01/05/2016;97,3;11,2;92,3;0,5;91,5;-0,7;-0,8
01/06/2016;109,6;15,6;92,5;0,3;93,2;1,9;0,7
01/07/2016;97,8;7,8;92,8;0,3;91,4;-2,0;-1,4
01/08/2016;92,5;13,1;92,9;0,2;91,9;0,6;-1,0
01/09/2016;90,7;7,1;93,1;0,2;92,8;1,0;-0,3
01/10/2016;90,9;17,3;93,3;0,2;97,8;5,4;4,5
01/11/2016;81,1;12,8;93,4;0,0;93,3;-4,6;-0,1
01/12/2016;81,1;1,0;93,4;0,1;90,5;-3,0;-2,9
01/01/2017;72,4;6,0;93,5;0,1;93,7;3,5;0,2
01/02/2017;79,9;-4,4;93,7;0,3;88,7;-5,3;-5,0
01/03/2017;119,5;5,7;94,1;0,4;95,9;8,1;1,7
01/04/2017;106,2;-1,0;94,5;0,4;97,0;1,2;2,5
01/05/2017;104,1;7,0;94,8;0,4;93,7;-3,4;-1,1
01/06/2017;107,7;-1,7;95,2;0,4;95,2;1,6;-0,0
01/07/2017;106,4;8,8;95,6;0,4;99,3;4,3;3,7
01/08/2017;94,9;2,6;96,0;0,4;96,0;-3,3;-0,0
01/09/2017;93,8;3,4;96,3;0,3;96,9;1,0;0,7
01/10/2017;85,3;-6,2;96,6;0,3;94,0;-3,0;-2,6
01/11/2017;83,4;2,8;96,8;0,2;95,3;1,4;-1,6
01/12/2017;89,3;10,1;97,2;0,4;95,6;0,3;-1,7
01/01/2018;76,5;5,7;97,7;0,5;97,0;1,5;-0,7
01/02/2018;98,5;23,3;98,2;0,5;103,7;7,0;5,6
01/03/2018;112,9;-5,5;98,9;0,7;95,2;-8,2;-3,7
01/04/2018;107,5;1,2;99,7;0,8;98,4;3,3;-1,3
01/05/2018;110,3;6,0;100,8;1,1;103,1;4,8;2,3
01/06/2018;115,7;7,4;101,8;1,0;102,1;-0,9;0,3
01/07/2018;105,5;-0,8;102,8;1,0;99,5;-2,6;-3,4
01/08/2018;103,4;9,0;103,7;0,8;105,8;6,3;2,1
01/09/2018;95,6;1,9;104,5;0,7;101,6;-3,9;-2,9
01/10/2018;100,3;17,6;105,0;0,5;106,2;4,6;1,2
01/11/2018;96,5;15,7;105,4;0,3;106,9;0,6;1,5
01/12/2018;108,4;21,4;105,4;0,0;110,3;3,2;4,9
01/01/2019;83,5;9,2;105,3;-0,1;103,3;-6,4;-2,0
01/02/2019;97,3;-1,2;105,1;-0,1;105,4;2,0;0,2
01/03/2019;125,1;10,8;104,9;-0,2;108,6;3,1;3,7
01/04/2019;112,2;4,4;104,6;-0,3;102,8;-5,4;-1,8
01/05/2019;109,3;-0,9;103,9;-0,6;102,0;-0,7;-1,9
01/06/2019;108,7;-6,1;103,5;-0,4;99,1;-2,9;-4,4
01/07/2019;115,0;9,0;103,1;-0,4;107,2;8,2;4,1
01/08/2019;92,7;-10,3;102,7;-0,4;99,6;-7,1;-3,1
01/09/2019;103,1;7,8;102,4;-0,3;105,8;6,3;3,5
01/10/2019;95,8;-4,5;102,1;-0,3;101,7;-3,9;-0,4
01/11/2019;92,5;-4,1;101,8;-0,3;101,2;-0,5;-0,6
01/12/2019;100,3;-7,5;101,6;-0,2;99,5;-1,7;-2,2
01/01/2020;87,1;4,3;101,5;-0,2;102,9;3,4;1,4
01/02/2020;85,2;-12,4;101,5;0,0;96,9;-5,8;-4,6
01/03/2020;114,0;-8,9;101,5;0,0;101,1;4,3;-0,4
01/04/2020;115,7;3,1;101,7;0,2;104,0;2,9;2,3
01/05/2020;105,2;-3,8;101,9;0,2;102,9;-1,1;1,0
01/06/2020;126,0;15,9;101,9;-0,0;109,9;6,8;8,0
01/07/2020;101,7;-11,6;101,6;-0,3;98,8;-10,1;-2,9
01/08/2020;92,7;0,0;101,2;-0,4;100,8;2,1;-0,4
01/09/2020;100,7;-2,3;100,9;-0,3;97,0;-3,8;-3,9
01/10/2020;92,1;-3,9;100,5;-0,4;99,6;2,7;-0,9
01/11/2020;90,0;-2,7;100,2;-0,3;100,6;1,0;0,3
01/12/2020;106,3;6,0;99,9;-0,3;101,4;0,8;1,5
01/01/2021;83,9;-3,7;99,6;-0,3;99,6;-1,7;0,0
01/02/2021;91,9;7,9;99,4;-0,2;101,7;2,1;2,3
01/03/2021;109,8;-3,7;99,3;-0,1;97,6;-4,1;-1,7
01/04/2021;109,2;-5,6;99,3;-0,0;99,6;2,1;0,4
01/05/2021;99,6;-5,3;99,5;0,3;98,2;-1,4;-1,3
01/06/2021;109,7;-12,9;99,7;0,2;95,8;-2,5;-3,9
01/07/2021;98,2;-3,4;99,9;0,2;98,0;2,3;-1,9
01/08/2021;98,1;5,8;100,2;0,3;102,8;4,8;2,6
01/09/2021;110,0;9,2;100,0;-0,2;105,2;2,4;5,2
01/10/2021;92,3;0,2;99,7;-0,4;97,8;-7,0;-1,8
01/11/2021;92,7;3,0;99,3;-0,4;99,7;1,9;0,4
01/12/2021;103,9;-2,3;99,0;-0,3;99,5;-0,2;0,5
01/01/2022;85,8;2,3;98,6;-0,4;101,5;2,1;2,9
01/02/2022;90,5;-1,5;98,0;-0,6;97,5;-4,0;-0,5
01/03/2022;130,7;19,0;97,4;-0,6;119,8;22,9;22,4
01/04/2022;101,9;-6,7;96,8;-0,7;96,0;-19,9;-0,8
01/05/2022;102,3;2,7;96,1;-0,6;97,1;1,2;0,9
01/06/2022;102,2;-6,8;95,5;-0,7;95,6;-1,5;0,1
01/07/2022;98,1;-0,1;94,8;-0,7;94,6;-1,1;-0,2
01/08/2022;92,5;-5,7;94,3;-0,5;91,6;-3,2;-2,8
01/09/2022;93,3;-15,2;94,1;-0,3;90,6;-1,1;-3,5
01/10/2022;95,2;3,1;94,3;0,3;96,7;6,7;2,3
01/11/2022;88,2;-4,9;94,7;0,4;97,4;0,7;2,7
01/12/2022;93,9;-9,6;95,1;0,5;93,3;-4,2;-1,8
01/01/2023;75,0;-12,6;95,9;0,8;93,7;0,5;-2,1
01/02/2023;91,3;0,9;96,7;0,8;97,7;4,2;1,0
01/03/2023;111,4;-14,8;97,4;0,8;97,2;-0,6;-0,3
01/04/2023;98,0;-3,8;98,2;0,8;97,0;-0,2;-1,2
01/05/2023;105,2;2,8;98,9;0,7;100,2;3,3;1,3
01/06/2023;105,6;3,3;99,6;0,8;97,4;-2,8;-2,3
01/07/2023;111,7;13,9;100,3;0,6;104,9;7,7;4,6
01/08/2023;124,6;34,7;100,8;0,5;121,4;15,8;20,6
01/09/2023;104,2;11,7;101,3;0,5;103,7;-14,6;2,4
01/10/2023;103,7;8,9;101,5;0,2;103,4;-0,3;2,0
01/11/2023;83,0;-5,9;101,7;0,3;93,8;-9,3;-7,9
01/12/2023;100,2;6,7;102,0;0,3;103,3;10,2;1,3
01/01/2024;83,3;11,1;102,5;0,5;100,6;-2,7;-2,0
01/02/2024;95,9;5,0;102,9;0,4;105,4;4,8;2,5
01/03/2024;115,3;3,5;103,4;0,4;105,2;-0,1;1,9
01/04/2024;112,4;14,7;103,6;0,2;106,3;1,0;2,7
01/05/2024;102,1;-2,9;103,8;0,2;98,5;-7,4;-5,3
01/06/2024;114,8;8,7;104,1;0,3;107,2;8,8;3,1
01/07/2024;110,9;-0,7;104,5;0,4;100,9;-5,9;-3,6
01/08/2024;110,8;-11,1;104,7;0,2;108,3;7,4;3,6
01/09/2024;99,2;-4,8;105,1;0,4;99,4;-8,3;-5,7
01/10/2024;104,5;0,8;105,4;0,3;105,2;5,8;-0,3
01/11/2024;106,3;28,1;105,8;0,3;111,5;6,1;5,7
01/12/2024;100,0;-0,2;106,2;0,3;105,6;-5,3;-0,6
01/01/2025;92,7;11,3;106,2;0,1;110,1;4,3;3,9
01/02/2025;87,3;-9,0;106,6;0,3;101,2;-8,1;-5,3
01/03/2025;150,9;30,9;106,9;0,3;139,9;38,2;33,0
01/04/2025;107,9;-4,0;107,4;0,5;105,2;-24,8;-2,2
01/05/2025;124,2;21,6;107,7;0,3;114,6;8,9;6,9
01/06/2025;112,0;-2,4;107,8;0,0;105,2;-8,3;-2,6
01/07/2025;118,4;6,8;108,0;0,2;110,1;4,7;2,1
01/08/2025;100,8;-9,0;108,4;0,4;103,1;-6,3;-5,3
01/09/2025;123,5;24,5;108,9;0,5;118,1;14,5;9,2
01/10/2025;101,9;-2,5;109,4;0,5;106,0;-10,3;-3,4
01/11/2025;105,4;-0,8;110,0;0,5;110,4;4,1;0,4
01/12/2025;107,9;7,9;110,4;0,4;110,3;-0,1;-0,1
01/01/2026;89,4;-3,6;111,6;1,1;107,2;-2,8;-4,4
01/02/2026;103,3;18,3;113,0;1,2;117,7;9,8;4,8
01/03/2026;123,3;-18,3;114,4;1,3;113,1;-4,0;-1,4
01/04/2026;115,9;7,4;116,0;1,3;115,3;1,9;-0,7
01/05/2026;121,7;-2,0;117,5;1,3;115,7;0,4;-1,8
01/06/2026;136,4;21,8;118,9;1,2;123,8;7,0;4,9
