Ausrüstungsinvestitionen, preisindex
Datum;Originalwert, Kettenindex 2020=100;Originalwert, Veränderung gegenüber Vorjahresquartal in %;Saison- und kalenderbereinigte Werte nach X 13 JDemetra+, Kettenindex 2020=100;Saison- und kalenderbereinigte Werte nach X 13 JDemetra+, Veränderung gegenüber Vorquartal in %
01/07/1997;58,85;.;60,43;0,9
01/10/1997;69,78;.;62,40;3,3
01/01/1998;59,56;13,4;65,57;5,1
01/04/1998;65,22;8,1;66,42;1,3
01/07/1998;66,22;12,5;67,81;2,1
01/10/1998;78,49;12,5;68,70;1,3
01/01/1999;65,23;9,5;71,47;4,0
01/04/1999;70,89;8,7;71,22;-0,3
01/07/1999;71,15;7,4;72,87;2,3
01/10/1999;83,58;6,5;73,02;0,2
01/01/2000;71,74;10,0;77,04;5,5
01/04/2000;77,81;9,8;79,07;2,6
01/07/2000;79,24;11,4;82,44;4,3
01/10/2000;91,32;9,3;81,64;-1,0
01/01/2001;76,34;6,4;82,38;0,9
01/04/2001;77,59;-0,3;78,64;-4,5
01/07/2001;73,50;-7,2;76,24;-3,1
01/10/2001;82,93;-9,2;74,46;-2,3
01/01/2002;64,46;-15,6;71,63;-3,8
01/04/2002;71,93;-7,3;72,21;0,8
01/07/2002;69,21;-5,8;71,10;-1,5
01/10/2002;78,94;-4,8;71,12;0,0
01/01/2003;65,24;1,2;72,04;1,3
01/04/2003;69,74;-3,0;70,78;-1,7
01/07/2003;69,06;-0,2;70,82;0,1
01/10/2003;79,25;0,4;70,88;0,1
01/01/2004;63,36;-2,9;69,06;-2,6
01/04/2004;73,38;5,2;73,57;6,5
01/07/2004;72,40;4,8;74,41;1,1
01/10/2004;84,40;6,5;73,67;-1,0
01/01/2005;66,00;4,2;74,18;0,7
01/04/2005;77,84;6,1;76,27;2,8
01/07/2005;75,84;4,8;78,34;2,7
01/10/2005;94,08;11,5;83,21;6,2
01/01/2006;76,46;15,8;82,74;-0,6
01/04/2006;88,59;13,8;90,23;9,1
01/07/2006;83,88;10,6;87,78;-2,7
01/10/2006;103,02;9,5;91,76;4,5
01/01/2007;84,65;10,7;92,34;0,6
01/04/2007;93,78;5,9;95,15;3,0
01/07/2007;91,15;8,7;95,37;0,2
01/10/2007;109,97;6,7;98,50;3,3
01/01/2008;86,83;2,6;97,03;-1,5
01/04/2008;100,25;6,9;97,95;0,9
01/07/2008;95,77;5,1;98,50;0,6
01/10/2008;106,44;-3,2;94,65;-3,9
01/01/2009;71,33;-17,9;78,70;-16,9
01/04/2009;76,83;-23,4;77,81;-1,1
01/07/2009;74,99;-21,7;76,96;-1,1
01/10/2009;85,75;-19,4;74,44;-3,3
01/01/2010;72,59;1,8;79,93;7,4
01/04/2010;84,59;10,1;85,00;6,3
01/07/2010;85,23;13,7;87,98;3,5
01/10/2010;102,01;19,0;88,68;0,8
01/01/2011;83,34;14,8;90,71;2,3
01/04/2011;90,44;6,9;90,80;0,1
01/07/2011;91,80;7,7;94,85;4,5
01/10/2011;104,90;2,8;92,13;-2,9
01/01/2012;86,66;4,0;93,26;1,2
01/04/2012;90,52;0,1;92,03;-1,3
01/07/2012;86,32;-6,0;90,30;-1,9
01/10/2012;101,37;-3,4;90,29;-0,0
01/01/2013;78,12;-9,9;87,05;-3,6
01/04/2013;89,47;-1,2;90,28;3,7
01/07/2013;85,31;-1,2;88,39;-2,1
01/10/2013;104,95;3,5;94,12;6,5
01/01/2014;85,57;9,5;94,31;0,2
01/04/2014;93,13;4,1;94,99;0,7
01/07/2014;91,07;6,8;94,06;-1,0
01/10/2014;107,40;2,3;95,54;1,6
01/01/2015;87,55;2,3;96,11;0,6
01/04/2015;95,48;2,5;97,20;1,1
01/07/2015;94,93;4,2;98,02;0,8
01/10/2015;116,37;8,4;101,30;3,3
01/01/2016;91,51;4,5;101,56;0,3
01/04/2016;101,40;6,2;99,53;-2,0
01/07/2016;97,53;2,7;101,07;1,5
01/10/2016;114,89;-1,3;100,87;-0,2
01/01/2017;95,84;4,7;102,62;1,7
01/04/2017;104,04;2,6;105,93;3,2
01/07/2017;102,18;4,8;107,33;1,3
01/10/2017;120,25;4,7;107,71;0,4
01/01/2018;101,07;5,5;110,54;2,6
01/04/2018;110,07;5,8;110,78;0,2
01/07/2018;106,57;4,3;111,63;0,8
01/10/2018;125,37;4,3;112,08;0,4
01/01/2019;105,61;4,5;115,32;2,9
01/04/2019;113,47;3,1;115,61;0,3
01/07/2019;109,93;3,2;113,49;-1,8
01/10/2019;123,21;-1,7;110,46;-2,7
01/01/2020;95,12;-9,9;103,05;-6,7
01/04/2020;86,82;-23,5;88,67;-14,0
01/07/2020;98,71;-10,2;101,73;14,7
01/10/2020;119,35;-3,1;104,09;2,3
01/01/2021;95,09;-0,0;103,03;-1,0
01/04/2021;104,72;20,6;105,57;2,5
01/07/2021;97,86;-0,9;100,89;-4,4
01/10/2021;117,78;-1,3;102,23;1,3
01/01/2022;96,94;1,9;104,30;2,0
01/04/2022;106,36;1,6;107,41;3,0
01/07/2022;107,54;9,9;111,25;3,6
01/10/2022;124,26;5,5;109,14;-1,9
01/01/2023;101,01;4,2;107,85;-1,2
01/04/2023;106,73;0,3;108,70;0,8
01/07/2023;104,49;-2,8;109,19;0,5
01/10/2023;120,02;-3,4;106,34;-2,6
01/01/2024;96,52;-4,4;105,61;-0,7
01/04/2024;101,89;-4,5;102,98;-2,5
01/07/2024;99,05;-5,2;102,28;-0,7
01/10/2024;114,63;-4,5;102,63;0,3
01/01/2025;93,20;-3,4;102,47;-0,2
01/04/2025;97,96;-3,9;100,37;-2,0
01/07/2025;98,38;-0,7;101,52;1,1
01/10/2025;117,17;2,2;104,37;2,8
01/01/2026;93,67;0,5;102,64;-1,7
01/04/2026;99,08;1,1;101,21;-1,4
