Bruttonationaleinkommen, verfügbares Einkommen und Volkseinkommen
Datum;Bruttonationaleinkommen, Mrd. EUR;Nettonationaleinkommen, Mrd. EUR;Verfügbares Einkommen, Mrd. EUR;
01/07/2000;530,73;440,76;434,40;392,19;281,05;111,14
01/10/2000;549,51;458,80;451,05;409,60;316,97;92,63
01/01/2001;532,24;440,77;432,51;389,74;267,76;121,98
01/04/2001;531,99;439,76;432,79;387,51;277,16;110,35
01/07/2001;548,54;455,70;450,52;405,64;283,64;122,00
01/10/2001;566,82;473,65;466,57;423,42;320,43;102,99
01/01/2002;531,81;438,24;429,71;386,91;270,42;116,49
01/04/2002;537,71;443,53;436,14;391,93;278,97;112,96
01/07/2002;560,86;466,21;460,75;413,54;286,82;126,73
01/10/2002;569,58;474,72;467,96;423,61;321,24;102,38
01/01/2003;537,99;443,34;435,21;390,02;272,28;117,74
01/04/2003;537,96;442,91;436,21;389,02;280,54;108,48
01/07/2003;565,05;469,64;461,41;417,40;288,68;128,72
01/10/2003;576,76;481,05;474,37;426,24;321,82;104,42
01/01/2004;559,97;463,95;454,96;409,54;275,03;134,51
01/04/2004;566,02;469,18;463,16;417,33;283,53;133,81
01/07/2004;582,57;485,17;477,41;432,61;288,71;143,90
01/10/2004;598,29;500,47;494,45;445,59;321,56;124,03
01/01/2005;564,99;466,84;455,70;413,95;274,61;139,34
01/04/2005;576,42;477,95;472,64;424,34;282,96;141,39
01/07/2005;592,86;493,90;486,34;438,52;287,65;150,87
01/10/2005;610,45;510,93;504,25;455,65;321,61;134,04
01/01/2006;595,43;495,41;485,78;439,85;276,97;162,87
01/04/2006;598,77;498,01;493,79;441,67;288,18;153,49
01/07/2006;622,92;521,01;512,83;464,56;295,44;169,12
01/10/2006;649,73;546,83;538,70;488,99;329,28;159,71
01/01/2007;633,43;528,21;518,16;465,08;285,58;179,50
01/04/2007;621,87;515,73;513,13;453,78;297,52;156,26
01/07/2007;650,66;543,64;535,18;480,63;302,61;178,03
01/10/2007;672,91;565,03;555,33;502,56;339,10;163,46
01/01/2008;647,20;537,82;526,21;474,19;296,82;177,37
01/04/2008;641,73;531,10;526,70;467,77;310,00;157,77
01/07/2008;660,68;548,84;540,53;484,17;314,48;169,69
01/10/2008;664,38;552,20;541,58;488,94;351,86;137,07
01/01/2009;621,50;508,48;497,90;445,88;302,38;143,50
01/04/2009;612,12;498,72;496,70;436,66;311,70;124,97
01/07/2009;647,12;533,28;525,55;470,77;315,75;155,02
01/10/2009;669,19;554,66;542,76;492,39;351,32;141,07
01/01/2010;644,19;529,03;517,43;469,51;308,21;161,30
01/04/2010;642,54;526,68;521,70;463,00;321,49;141,51
01/07/2010;678,19;561,72;551,26;496,30;326,20;170,10
01/10/2010;702,86;585,71;576,57;520,83;364,62;156,20
01/01/2011;691,59;572,70;560,40;504,20;321,73;182,47
01/04/2011;679,74;559,91;556,74;491,25;337,16;154,09
01/07/2011;715,68;595,05;586,42;525,28;339,89;185,39
01/10/2011;730,87;609,44;600,43;541,07;379,18;161,88
01/01/2012;712,83;589,50;576,54;518,90;334,26;184,64
01/04/2012;692,13;567,89;563,12;499,00;351,27;147,74
01/07/2012;724,22;599,23;591,55;528,36;353,50;174,86
01/10/2012;739,15;613,67;603,27;543,58;394,12;149,47
01/01/2013;714,37;587,63;572,52;516,59;344,65;171,94
01/04/2013;715,96;588,42;581,01;516,41;361,11;155,30
01/07/2013;745,74;616,77;606,88;542,91;364,21;178,69
01/10/2013;760,75;631,08;619,86;559,64;406,12;153,52
01/01/2014;749,53;618,54;604,36;544,98;359,31;185,67
01/04/2014;735,98;604,25;597,32;530,61;375,95;154,66
01/07/2014;773,16;640,58;632,82;565,44;378,63;186,81
01/10/2014;792,46;659,21;650,74;584,36;422,29;162,07
01/01/2015;773,50;638,38;622,12;562,66;371,97;190,68
01/04/2015;757,75;621,86;617,94;547,01;391,70;155,31
01/07/2015;801,91;665,18;657,82;587,35;394,39;192,96
01/10/2015;821,92;684,47;674,03;606,57;440,49;166,07
01/01/2016;810,00;671,14;656,89;591,76;388,37;203,40
01/04/2016;802,52;662,58;659,17;585,05;405,63;179,42
01/07/2016;830,88;689,89;677,82;610,26;409,54;200,72
01/10/2016;853,15;711,30;702,45;632,16;458,09;174,07
01/01/2017;845,38;701,21;686,28;617,85;405,63;212,22
01/04/2017;824,22;678,61;667,37;597,92;424,44;173,48
01/07/2017;867,47;720,54;711,26;638,95;428,29;210,66
01/10/2017;893,53;745,27;732,34;663,18;478,85;184,33
01/01/2018;885,45;734,40;721,79;649,51;425,08;224,43
01/04/2018;868,84;716,08;708,82;632,21;444,55;187,66
01/07/2018;899,69;744,99;732,24;660,06;450,46;209,60
01/10/2018;931,68;775,57;760,64;691,50;500,63;190,87
01/01/2019;915,42;756,47;744,28;669,16;445,74;223,42
01/04/2019;888,68;728,09;720,10;643,02;465,90;177,12
01/07/2019;934,70;772,77;760,00;685,51;472,28;213,23
01/10/2019;949,78;786,93;772,94;700,69;519,87;180,83
01/01/2020;914,60;748,56;735,88;666,92;459,41;207,51
01/04/2020;811,27;643,95;634,07;584,84;450,84;133,99
01/07/2020;899,60;733,37;720,10;664,61;468,12;196,49
01/10/2020;939,86;772,97;758,28;704,97;521,41;183,56
01/01/2021;926,41;755,36;744,16;684,89;456,32;228,57
01/04/2021;920,08;745,53;735,38;672,87;474,78;198,09
01/07/2021;975,33;794,92;779,25;711,17;490,83;220,35
01/10/2021;1014,40;831,55;813,86;755,18;546,32;208,86
01/01/2022;1017,99;826,50;812,93;728,78;489,92;238,87
01/04/2022;996,76;797,52;787,14;702,67;503,51;199,16
01/07/2022;1047,90;845,55;830,91;752,18;514,25;237,93
01/10/2022;1087,02;882,02;862,56;792,83;578,66;214,18
01/01/2023;1086,72;874,09;859,82;786,57;524,45;262,12
01/04/2023;1051,87;837,52;830,25;751,45;541,31;210,14
01/07/2023;1106,07;890,91;876,88;802,25;552,22;250,03
01/10/2023;1144,66;928,85;907,23;842,49;617,86;224,63
01/01/2024;1125,30;905,48;892,09;807,68;556,74;250,94
01/04/2024;1101,27;879,86;871,18;787,74;571,90;215,84
01/07/2024;1142,31;919,45;905,93;821,39;582,66;238,73
01/10/2024;1176,47;952,92;929,40;853,76;646,92;206,84
01/01/2025;1155,76;928,17;913,94;820,57;583,62;236,95
01/04/2025;1134,26;905,05;896,32;806,41;600,25;206,16
01/07/2025;1180,54;950,24;934,70;850,17;612,46;237,71
01/10/2025;1220,32;989,08;970,03;891,19;675,74;215,45
01/01/2026;1196,19;960,62;944,67;851,60;606,15;245,45
01/04/2026;1180,22;940,74;929,45;841,11;623,64;217,47
