date,indicator,value
01/07/1991,originalwert_in_1000,3557
01/07/1991,originalwert_veraenderung_gegenueber_vorquartal_in_,-0.1
01/10/1991,originalwert_in_1000,3564
01/10/1991,originalwert_veraenderung_gegenueber_vorquartal_in_,0.2
01/01/1992,originalwert_in_1000,3603
01/01/1992,originalwert_veraenderung_gegenueber_vorquartal_in_,1.1
01/01/1992,originalwert_veraenderung_gegenueber_vorjahresquartal_in_,0.9
01/01/1992,saison_und_kalenderbereinigte_werte_nach_x_13_jdemetra_in_1000,3589
01/04/1992,originalwert_in_1000,3600
01/04/1992,originalwert_veraenderung_gegenueber_vorquartal_in_,-0.1
01/04/1992,originalwert_veraenderung_gegenueber_vorjahresquartal_in_,1.1
01/04/1992,saison_und_kalenderbereinigte_werte_nach_x_13_jdemetra_in_1000,3601
01/07/1992,originalwert_in_1000,3618
01/07/1992,originalwert_veraenderung_gegenueber_vorquartal_in_,0.5
01/07/1992,originalwert_veraenderung_gegenueber_vorjahresquartal_in_,1.7
01/07/1992,saison_und_kalenderbereinigte_werte_nach_x_13_jdemetra_in_1000,3615
01/10/1992,originalwert_in_1000,3612
01/10/1992,originalwert_veraenderung_gegenueber_vorquartal_in_,-0.2
01/10/1992,originalwert_veraenderung_gegenueber_vorjahresquartal_in_,1.3
01/10/1992,saison_und_kalenderbereinigte_werte_nach_x_13_jdemetra_in_1000,3627
01/01/1993,originalwert_in_1000,3656
01/01/1993,originalwert_veraenderung_gegenueber_vorquartal_in_,1.2
01/01/1993,originalwert_veraenderung_gegenueber_vorjahresquartal_in_,1.5
01/01/1993,saison_und_kalenderbereinigte_werte_nach_x_13_jdemetra_in_1000,3643
01/04/1993,originalwert_in_1000,3656
01/04/1993,originalwert_veraenderung_gegenueber_vorquartal_in_,0.0
01/04/1993,originalwert_veraenderung_gegenueber_vorjahresquartal_in_,1.6
01/04/1993,saison_und_kalenderbereinigte_werte_nach_x_13_jdemetra_in_1000,3659
01/07/1993,originalwert_in_1000,3678
01/07/1993,originalwert_veraenderung_gegenueber_vorquartal_in_,0.6
01/07/1993,originalwert_veraenderung_gegenueber_vorjahresquartal_in_,1.7
01/07/1993,saison_und_kalenderbereinigte_werte_nach_x_13_jdemetra_in_1000,3675
01/10/1993,originalwert_in_1000,3683
01/10/1993,originalwert_veraenderung_gegenueber_vorquartal_in_,0.1
01/10/1993,originalwert_veraenderung_gegenueber_vorjahresquartal_in_,2.0
01/10/1993,saison_und_kalenderbereinigte_werte_nach_x_13_jdemetra_in_1000,3696
01/01/1994,originalwert_in_1000,3732
01/01/1994,originalwert_veraenderung_gegenueber_vorquartal_in_,1.3
01/01/1994,originalwert_veraenderung_gegenueber_vorjahresquartal_in_,2.1
01/01/1994,saison_und_kalenderbereinigte_werte_nach_x_13_jdemetra_in_1000,3720
01/04/1994,originalwert_in_1000,3739
01/04/1994,originalwert_veraenderung_gegenueber_vorquartal_in_,0.2
01/04/1994,originalwert_veraenderung_gegenueber_vorjahresquartal_in_,2.3
01/04/1994,saison_und_kalenderbereinigte_werte_nach_x_13_jdemetra_in_1000,3741
01/07/1994,originalwert_in_1000,3759
01/07/1994,originalwert_veraenderung_gegenueber_vorquartal_in_,0.5
01/07/1994,originalwert_veraenderung_gegenueber_vorjahresquartal_in_,2.2
01/07/1994,saison_und_kalenderbereinigte_werte_nach_x_13_jdemetra_in_1000,3756
01/10/1994,originalwert_in_1000,3756
01/10/1994,originalwert_veraenderung_gegenueber_vorquartal_in_,-0.1
01/10/1994,originalwert_veraenderung_gegenueber_vorjahresquartal_in_,2.0
01/10/1994,saison_und_kalenderbereinigte_werte_nach_x_13_jdemetra_in_1000,3768
01/01/1995,originalwert_in_1000,3790
01/01/1995,originalwert_veraenderung_gegenueber_vorquartal_in_,0.9
01/01/1995,originalwert_veraenderung_gegenueber_vorjahresquartal_in_,1.6
01/01/1995,saison_und_kalenderbereinigte_werte_nach_x_13_jdemetra_in_1000,3778
01/04/1995,originalwert_in_1000,3788
01/04/1995,originalwert_veraenderung_gegenueber_vorquartal_in_,-0.1
01/04/1995,originalwert_veraenderung_gegenueber_vorjahresquartal_in_,1.3
01/04/1995,saison_und_kalenderbereinigte_werte_nach_x_13_jdemetra_in_1000,3792
01/07/1995,originalwert_in_1000,3805
01/07/1995,originalwert_veraenderung_gegenueber_vorquartal_in_,0.4
01/07/1995,originalwert_veraenderung_gegenueber_vorjahresquartal_in_,1.2
01/07/1995,saison_und_kalenderbereinigte_werte_nach_x_13_jdemetra_in_1000,3801
01/10/1995,originalwert_in_1000,3804
01/10/1995,originalwert_veraenderung_gegenueber_vorquartal_in_,-0.0
01/10/1995,originalwert_veraenderung_gegenueber_vorjahresquartal_in_,1.3
01/10/1995,saison_und_kalenderbereinigte_werte_nach_x_13_jdemetra_in_1000,3817
01/01/1996,originalwert_in_1000,3843
01/01/1996,originalwert_veraenderung_gegenueber_vorquartal_in_,1.0
01/01/1996,originalwert_veraenderung_gegenueber_vorjahresquartal_in_,1.4
01/01/1996,saison_und_kalenderbereinigte_werte_nach_x_13_jdemetra_in_1000,3831
01/04/1996,originalwert_in_1000,3846
01/04/1996,originalwert_veraenderung_gegenueber_vorquartal_in_,0.1
01/04/1996,originalwert_veraenderung_gegenueber_vorjahresquartal_in_,1.5
01/04/1996,saison_und_kalenderbereinigte_werte_nach_x_13_jdemetra_in_1000,3851
01/07/1996,originalwert_in_1000,3867
01/07/1996,originalwert_veraenderung_gegenueber_vorquartal_in_,0.5
01/07/1996,originalwert_veraenderung_gegenueber_vorjahresquartal_in_,1.6
01/07/1996,saison_und_kalenderbereinigte_werte_nach_x_13_jdemetra_in_1000,3863
01/10/1996,originalwert_in_1000,3868
01/10/1996,originalwert_veraenderung_gegenueber_vorquartal_in_,0.0
01/10/1996,originalwert_veraenderung_gegenueber_vorjahresquartal_in_,1.7
01/10/1996,saison_und_kalenderbereinigte_werte_nach_x_13_jdemetra_in_1000,3878
01/01/1997,originalwert_in_1000,3903
01/01/1997,originalwert_veraenderung_gegenueber_vorquartal_in_,0.9
01/01/1997,originalwert_veraenderung_gegenueber_vorjahresquartal_in_,1.6
01/01/1997,saison_und_kalenderbereinigte_werte_nach_x_13_jdemetra_in_1000,3892
01/04/1997,originalwert_in_1000,3906
01/04/1997,originalwert_veraenderung_gegenueber_vorquartal_in_,0.1
01/04/1997,originalwert_veraenderung_gegenueber_vorjahresquartal_in_,1.6
01/04/1997,saison_und_kalenderbereinigte_werte_nach_x_13_jdemetra_in_1000,3910
01/07/1997,originalwert_in_1000,3926
01/07/1997,originalwert_veraenderung_gegenueber_vorquartal_in_,0.5
01/07/1997,originalwert_veraenderung_gegenueber_vorjahresquartal_in_,1.5
01/07/1997,saison_und_kalenderbereinigte_werte_nach_x_13_jdemetra_in_1000,3922
01/10/1997,originalwert_in_1000,3925
01/10/1997,originalwert_veraenderung_gegenueber_vorquartal_in_,-0.0
01/10/1997,originalwert_veraenderung_gegenueber_vorjahresquartal_in_,1.5
01/10/1997,saison_und_kalenderbereinigte_werte_nach_x_13_jdemetra_in_1000,3935
01/01/1998,originalwert_in_1000,3956
01/01/1998,originalwert_veraenderung_gegenueber_vorquartal_in_,0.8
01/01/1998,originalwert_veraenderung_gegenueber_vorjahresquartal_in_,1.4
01/01/1998,saison_und_kalenderbereinigte_werte_nach_x_13_jdemetra_in_1000,3947
01/04/1998,originalwert_in_1000,3957
01/04/1998,originalwert_veraenderung_gegenueber_vorquartal_in_,0.0
01/04/1998,originalwert_veraenderung_gegenueber_vorjahresquartal_in_,1.3
01/04/1998,saison_und_kalenderbereinigte_werte_nach_x_13_jdemetra_in_1000,3961
01/07/1998,originalwert_in_1000,3971
01/07/1998,originalwert_veraenderung_gegenueber_vorquartal_in_,0.4
01/07/1998,originalwert_veraenderung_gegenueber_vorjahresquartal_in_,1.1
01/07/1998,saison_und_kalenderbereinigte_werte_nach_x_13_jdemetra_in_1000,3967
01/10/1998,originalwert_in_1000,3967
01/10/1998,originalwert_veraenderung_gegenueber_vorquartal_in_,-0.1
01/10/1998,originalwert_veraenderung_gegenueber_vorjahresquartal_in_,1.1
01/10/1998,saison_und_kalenderbereinigte_werte_nach_x_13_jdemetra_in_1000,3976
01/01/1999,originalwert_in_1000,3991
01/01/1999,originalwert_veraenderung_gegenueber_vorquartal_in_,0.6
01/01/1999,originalwert_veraenderung_gegenueber_vorjahresquartal_in_,0.9
01/01/1999,saison_und_kalenderbereinigte_werte_nach_x_13_jdemetra_in_1000,3983
01/04/1999,originalwert_in_1000,3987
01/04/1999,originalwert_veraenderung_gegenueber_vorquartal_in_,-0.1
01/04/1999,originalwert_veraenderung_gegenueber_vorjahresquartal_in_,0.8
01/04/1999,saison_und_kalenderbereinigte_werte_nach_x_13_jdemetra_in_1000,3989
01/07/1999,originalwert_in_1000,3998
01/07/1999,originalwert_veraenderung_gegenueber_vorquartal_in_,0.3
01/07/1999,originalwert_veraenderung_gegenueber_vorjahresquartal_in_,0.7
01/07/1999,saison_und_kalenderbereinigte_werte_nach_x_13_jdemetra_in_1000,3995
01/10/1999,originalwert_in_1000,3991
01/10/1999,originalwert_veraenderung_gegenueber_vorquartal_in_,-0.2
01/10/1999,originalwert_veraenderung_gegenueber_vorjahresquartal_in_,0.6
01/10/1999,saison_und_kalenderbereinigte_werte_nach_x_13_jdemetra_in_1000,4001
01/01/2000,originalwert_in_1000,4014
01/01/2000,originalwert_veraenderung_gegenueber_vorquartal_in_,0.6
01/01/2000,originalwert_veraenderung_gegenueber_vorjahresquartal_in_,0.6
01/01/2000,saison_und_kalenderbereinigte_werte_nach_x_13_jdemetra_in_1000,4005
01/04/2000,originalwert_in_1000,4009
01/04/2000,originalwert_veraenderung_gegenueber_vorquartal_in_,-0.1
01/04/2000,originalwert_veraenderung_gegenueber_vorjahresquartal_in_,0.6
01/04/2000,saison_und_kalenderbereinigte_werte_nach_x_13_jdemetra_in_1000,4011
01/07/2000,originalwert_in_1000,4018
01/07/2000,originalwert_veraenderung_gegenueber_vorquartal_in_,0.2
01/07/2000,originalwert_veraenderung_gegenueber_vorjahresquartal_in_,0.5
01/07/2000,saison_und_kalenderbereinigte_werte_nach_x_13_jdemetra_in_1000,4016
01/10/2000,originalwert_in_1000,4009
01/10/2000,originalwert_veraenderung_gegenueber_vorquartal_in_,-0.2
01/10/2000,originalwert_veraenderung_gegenueber_vorjahresquartal_in_,0.5
01/10/2000,saison_und_kalenderbereinigte_werte_nach_x_13_jdemetra_in_1000,4018
01/01/2001,originalwert_in_1000,4029
01/01/2001,originalwert_veraenderung_gegenueber_vorquartal_in_,0.5
01/01/2001,originalwert_veraenderung_gegenueber_vorjahresquartal_in_,0.4
01/01/2001,saison_und_kalenderbereinigte_werte_nach_x_13_jdemetra_in_1000,4019
01/04/2001,originalwert_in_1000,4022
01/04/2001,originalwert_veraenderung_gegenueber_vorquartal_in_,-0.2
01/04/2001,originalwert_veraenderung_gegenueber_vorjahresquartal_in_,0.3
01/04/2001,saison_und_kalenderbereinigte_werte_nach_x_13_jdemetra_in_1000,4025
01/07/2001,originalwert_in_1000,4033
01/07/2001,originalwert_veraenderung_gegenueber_vorquartal_in_,0.3
01/07/2001,originalwert_veraenderung_gegenueber_vorjahresquartal_in_,0.4
01/07/2001,saison_und_kalenderbereinigte_werte_nach_x_13_jdemetra_in_1000,4030
01/10/2001,originalwert_in_1000,4028
01/10/2001,originalwert_veraenderung_gegenueber_vorquartal_in_,-0.1
01/10/2001,originalwert_veraenderung_gegenueber_vorjahresquartal_in_,0.5
01/10/2001,saison_und_kalenderbereinigte_werte_nach_x_13_jdemetra_in_1000,4037
01/01/2002,originalwert_in_1000,4052
01/01/2002,originalwert_veraenderung_gegenueber_vorquartal_in_,0.6
01/01/2002,originalwert_veraenderung_gegenueber_vorjahresquartal_in_,0.6
01/01/2002,saison_und_kalenderbereinigte_werte_nach_x_13_jdemetra_in_1000,4043
01/04/2002,originalwert_in_1000,4053
01/04/2002,originalwert_veraenderung_gegenueber_vorquartal_in_,0.0
01/04/2002,originalwert_veraenderung_gegenueber_vorjahresquartal_in_,0.8
01/04/2002,saison_und_kalenderbereinigte_werte_nach_x_13_jdemetra_in_1000,4055
01/07/2002,originalwert_in_1000,4072
01/07/2002,originalwert_veraenderung_gegenueber_vorquartal_in_,0.5
01/07/2002,originalwert_veraenderung_gegenueber_vorjahresquartal_in_,1.0
01/07/2002,saison_und_kalenderbereinigte_werte_nach_x_13_jdemetra_in_1000,4068
01/10/2002,originalwert_in_1000,4073
01/10/2002,originalwert_veraenderung_gegenueber_vorquartal_in_,0.0
01/10/2002,originalwert_veraenderung_gegenueber_vorjahresquartal_in_,1.1
01/10/2002,saison_und_kalenderbereinigte_werte_nach_x_13_jdemetra_in_1000,4083
01/01/2003,originalwert_in_1000,4106
01/01/2003,originalwert_veraenderung_gegenueber_vorquartal_in_,0.8
01/01/2003,originalwert_veraenderung_gegenueber_vorjahresquartal_in_,1.3
01/01/2003,saison_und_kalenderbereinigte_werte_nach_x_13_jdemetra_in_1000,4098
01/04/2003,originalwert_in_1000,4117
01/04/2003,originalwert_veraenderung_gegenueber_vorquartal_in_,0.3
01/04/2003,originalwert_veraenderung_gegenueber_vorjahresquartal_in_,1.6
01/04/2003,saison_und_kalenderbereinigte_werte_nach_x_13_jdemetra_in_1000,4119
01/07/2003,originalwert_in_1000,4148
01/07/2003,originalwert_veraenderung_gegenueber_vorquartal_in_,0.8
01/07/2003,originalwert_veraenderung_gegenueber_vorjahresquartal_in_,1.9
01/07/2003,saison_und_kalenderbereinigte_werte_nach_x_13_jdemetra_in_1000,4144
01/10/2003,originalwert_in_1000,4166
01/10/2003,originalwert_veraenderung_gegenueber_vorquartal_in_,0.4
01/10/2003,originalwert_veraenderung_gegenueber_vorjahresquartal_in_,2.3
01/10/2003,saison_und_kalenderbereinigte_werte_nach_x_13_jdemetra_in_1000,4175
01/01/2004,originalwert_in_1000,4216
01/01/2004,originalwert_veraenderung_gegenueber_vorquartal_in_,1.2
01/01/2004,originalwert_veraenderung_gegenueber_vorjahresquartal_in_,2.7
01/01/2004,saison_und_kalenderbereinigte_werte_nach_x_13_jdemetra_in_1000,4209
01/04/2004,originalwert_in_1000,4241
01/04/2004,originalwert_veraenderung_gegenueber_vorquartal_in_,0.6
01/04/2004,originalwert_veraenderung_gegenueber_vorjahresquartal_in_,3.0
01/04/2004,saison_und_kalenderbereinigte_werte_nach_x_13_jdemetra_in_1000,4244
01/07/2004,originalwert_in_1000,4282
01/07/2004,originalwert_veraenderung_gegenueber_vorquartal_in_,1.0
01/07/2004,originalwert_veraenderung_gegenueber_vorjahresquartal_in_,3.2
01/07/2004,saison_und_kalenderbereinigte_werte_nach_x_13_jdemetra_in_1000,4278
01/10/2004,originalwert_in_1000,4304
01/10/2004,originalwert_veraenderung_gegenueber_vorquartal_in_,0.5
01/10/2004,originalwert_veraenderung_gegenueber_vorjahresquartal_in_,3.3
01/10/2004,saison_und_kalenderbereinigte_werte_nach_x_13_jdemetra_in_1000,4311
01/01/2005,originalwert_in_1000,4352
01/01/2005,originalwert_veraenderung_gegenueber_vorquartal_in_,1.1
01/01/2005,originalwert_veraenderung_gegenueber_vorjahresquartal_in_,3.2
01/01/2005,saison_und_kalenderbereinigte_werte_nach_x_13_jdemetra_in_1000,4347
01/04/2005,originalwert_in_1000,4371
01/04/2005,originalwert_veraenderung_gegenueber_vorquartal_in_,0.4
01/04/2005,originalwert_veraenderung_gegenueber_vorjahresquartal_in_,3.1
01/04/2005,saison_und_kalenderbereinigte_werte_nach_x_13_jdemetra_in_1000,4374
01/07/2005,originalwert_in_1000,4400
01/07/2005,originalwert_veraenderung_gegenueber_vorquartal_in_,0.7
01/07/2005,originalwert_veraenderung_gegenueber_vorjahresquartal_in_,2.8
01/07/2005,saison_und_kalenderbereinigte_werte_nach_x_13_jdemetra_in_1000,4395
01/10/2005,originalwert_in_1000,4403
01/10/2005,originalwert_veraenderung_gegenueber_vorquartal_in_,0.1
01/10/2005,originalwert_veraenderung_gegenueber_vorjahresquartal_in_,2.3
01/10/2005,saison_und_kalenderbereinigte_werte_nach_x_13_jdemetra_in_1000,4411
01/01/2006,originalwert_in_1000,4427
01/01/2006,originalwert_veraenderung_gegenueber_vorquartal_in_,0.5
01/01/2006,originalwert_veraenderung_gegenueber_vorjahresquartal_in_,1.7
01/01/2006,saison_und_kalenderbereinigte_werte_nach_x_13_jdemetra_in_1000,4423
01/04/2006,originalwert_in_1000,4428
01/04/2006,originalwert_veraenderung_gegenueber_vorquartal_in_,0.0
01/04/2006,originalwert_veraenderung_gegenueber_vorjahresquartal_in_,1.3
01/04/2006,saison_und_kalenderbereinigte_werte_nach_x_13_jdemetra_in_1000,4431
01/07/2006,originalwert_in_1000,4445
01/07/2006,originalwert_veraenderung_gegenueber_vorquartal_in_,0.4
01/07/2006,originalwert_veraenderung_gegenueber_vorjahresquartal_in_,1.0
01/07/2006,saison_und_kalenderbereinigte_werte_nach_x_13_jdemetra_in_1000,4440
01/10/2006,originalwert_in_1000,4442
01/10/2006,originalwert_veraenderung_gegenueber_vorquartal_in_,-0.1
01/10/2006,originalwert_veraenderung_gegenueber_vorjahresquartal_in_,0.9
01/10/2006,saison_und_kalenderbereinigte_werte_nach_x_13_jdemetra_in_1000,4450
01/01/2007,originalwert_in_1000,4466
01/01/2007,originalwert_veraenderung_gegenueber_vorquartal_in_,0.5
01/01/2007,originalwert_veraenderung_gegenueber_vorjahresquartal_in_,0.9
01/01/2007,saison_und_kalenderbereinigte_werte_nach_x_13_jdemetra_in_1000,4460
01/04/2007,originalwert_in_1000,4465
01/04/2007,originalwert_veraenderung_gegenueber_vorquartal_in_,-0.0
01/04/2007,originalwert_veraenderung_gegenueber_vorjahresquartal_in_,0.8
01/04/2007,saison_und_kalenderbereinigte_werte_nach_x_13_jdemetra_in_1000,4468
01/07/2007,originalwert_in_1000,4477
01/07/2007,originalwert_veraenderung_gegenueber_vorquartal_in_,0.3
01/07/2007,originalwert_veraenderung_gegenueber_vorjahresquartal_in_,0.7
01/07/2007,saison_und_kalenderbereinigte_werte_nach_x_13_jdemetra_in_1000,4472
01/10/2007,originalwert_in_1000,4468
01/10/2007,originalwert_veraenderung_gegenueber_vorquartal_in_,-0.2
01/10/2007,originalwert_veraenderung_gegenueber_vorjahresquartal_in_,0.6
01/10/2007,saison_und_kalenderbereinigte_werte_nach_x_13_jdemetra_in_1000,4475
01/01/2008,originalwert_in_1000,4482
01/01/2008,originalwert_veraenderung_gegenueber_vorquartal_in_,0.3
01/01/2008,originalwert_veraenderung_gegenueber_vorjahresquartal_in_,0.4
01/01/2008,saison_und_kalenderbereinigte_werte_nach_x_13_jdemetra_in_1000,4476
01/04/2008,originalwert_in_1000,4476
01/04/2008,originalwert_veraenderung_gegenueber_vorquartal_in_,-0.1
01/04/2008,originalwert_veraenderung_gegenueber_vorjahresquartal_in_,0.2
01/04/2008,saison_und_kalenderbereinigte_werte_nach_x_13_jdemetra_in_1000,4478
01/07/2008,originalwert_in_1000,4485
01/07/2008,originalwert_veraenderung_gegenueber_vorquartal_in_,0.2
01/07/2008,originalwert_veraenderung_gegenueber_vorjahresquartal_in_,0.2
01/07/2008,saison_und_kalenderbereinigte_werte_nach_x_13_jdemetra_in_1000,4481
01/10/2008,originalwert_in_1000,4475
01/10/2008,originalwert_veraenderung_gegenueber_vorquartal_in_,-0.2
01/10/2008,originalwert_veraenderung_gegenueber_vorjahresquartal_in_,0.2
01/10/2008,saison_und_kalenderbereinigte_werte_nach_x_13_jdemetra_in_1000,4483
01/01/2009,originalwert_in_1000,4491
01/01/2009,originalwert_veraenderung_gegenueber_vorquartal_in_,0.4
01/01/2009,originalwert_veraenderung_gegenueber_vorjahresquartal_in_,0.2
01/01/2009,saison_und_kalenderbereinigte_werte_nach_x_13_jdemetra_in_1000,4486
01/04/2009,originalwert_in_1000,4487
01/04/2009,originalwert_veraenderung_gegenueber_vorquartal_in_,-0.1
01/04/2009,originalwert_veraenderung_gegenueber_vorjahresquartal_in_,0.2
01/04/2009,saison_und_kalenderbereinigte_werte_nach_x_13_jdemetra_in_1000,4490
01/07/2009,originalwert_in_1000,4500
01/07/2009,originalwert_veraenderung_gegenueber_vorquartal_in_,0.3
01/07/2009,originalwert_veraenderung_gegenueber_vorjahresquartal_in_,0.3
01/07/2009,saison_und_kalenderbereinigte_werte_nach_x_13_jdemetra_in_1000,4495
01/10/2009,originalwert_in_1000,4494
01/10/2009,originalwert_veraenderung_gegenueber_vorquartal_in_,-0.1
01/10/2009,originalwert_veraenderung_gegenueber_vorjahresquartal_in_,0.4
01/10/2009,saison_und_kalenderbereinigte_werte_nach_x_13_jdemetra_in_1000,4501
01/01/2010,originalwert_in_1000,4515
01/01/2010,originalwert_veraenderung_gegenueber_vorquartal_in_,0.5
01/01/2010,originalwert_veraenderung_gegenueber_vorjahresquartal_in_,0.5
01/01/2010,saison_und_kalenderbereinigte_werte_nach_x_13_jdemetra_in_1000,4510
01/04/2010,originalwert_in_1000,4513
01/04/2010,originalwert_veraenderung_gegenueber_vorquartal_in_,-0.0
01/04/2010,originalwert_veraenderung_gegenueber_vorjahresquartal_in_,0.6
01/04/2010,saison_und_kalenderbereinigte_werte_nach_x_13_jdemetra_in_1000,4515
01/07/2010,originalwert_in_1000,4526
01/07/2010,originalwert_veraenderung_gegenueber_vorquartal_in_,0.3
01/07/2010,originalwert_veraenderung_gegenueber_vorjahresquartal_in_,0.6
01/07/2010,saison_und_kalenderbereinigte_werte_nach_x_13_jdemetra_in_1000,4521
01/10/2010,originalwert_in_1000,4518
01/10/2010,originalwert_veraenderung_gegenueber_vorquartal_in_,-0.2
01/10/2010,originalwert_veraenderung_gegenueber_vorjahresquartal_in_,0.5
01/10/2010,saison_und_kalenderbereinigte_werte_nach_x_13_jdemetra_in_1000,4524
01/01/2011,originalwert_in_1000,4533
01/01/2011,originalwert_veraenderung_gegenueber_vorquartal_in_,0.3
01/01/2011,originalwert_veraenderung_gegenueber_vorjahresquartal_in_,0.4
01/01/2011,saison_und_kalenderbereinigte_werte_nach_x_13_jdemetra_in_1000,4530
01/04/2011,originalwert_in_1000,4529
01/04/2011,originalwert_veraenderung_gegenueber_vorquartal_in_,-0.1
01/04/2011,originalwert_veraenderung_gegenueber_vorjahresquartal_in_,0.4
01/04/2011,saison_und_kalenderbereinigte_werte_nach_x_13_jdemetra_in_1000,4530
01/07/2011,originalwert_in_1000,4537
01/07/2011,originalwert_veraenderung_gegenueber_vorquartal_in_,0.2
01/07/2011,originalwert_veraenderung_gegenueber_vorjahresquartal_in_,0.2
01/07/2011,saison_und_kalenderbereinigte_werte_nach_x_13_jdemetra_in_1000,4534
01/10/2011,originalwert_in_1000,4527
01/10/2011,originalwert_veraenderung_gegenueber_vorquartal_in_,-0.2
01/10/2011,originalwert_veraenderung_gegenueber_vorjahresquartal_in_,0.2
01/10/2011,saison_und_kalenderbereinigte_werte_nach_x_13_jdemetra_in_1000,4532
01/01/2012,originalwert_in_1000,4535
01/01/2012,originalwert_veraenderung_gegenueber_vorquartal_in_,0.2
01/01/2012,originalwert_veraenderung_gegenueber_vorjahresquartal_in_,0.0
01/01/2012,saison_und_kalenderbereinigte_werte_nach_x_13_jdemetra_in_1000,4532
01/04/2012,originalwert_in_1000,4528
01/04/2012,originalwert_veraenderung_gegenueber_vorquartal_in_,-0.2
01/04/2012,originalwert_veraenderung_gegenueber_vorjahresquartal_in_,-0.0
01/04/2012,saison_und_kalenderbereinigte_werte_nach_x_13_jdemetra_in_1000,4530
01/07/2012,originalwert_in_1000,4530
01/07/2012,originalwert_veraenderung_gegenueber_vorquartal_in_,0.0
01/07/2012,originalwert_veraenderung_gegenueber_vorjahresquartal_in_,-0.2
01/07/2012,saison_und_kalenderbereinigte_werte_nach_x_13_jdemetra_in_1000,4526
01/10/2012,originalwert_in_1000,4516
01/10/2012,originalwert_veraenderung_gegenueber_vorquartal_in_,-0.3
01/10/2012,originalwert_veraenderung_gegenueber_vorjahresquartal_in_,-0.2
01/10/2012,saison_und_kalenderbereinigte_werte_nach_x_13_jdemetra_in_1000,4520
01/01/2013,originalwert_in_1000,4516
01/01/2013,originalwert_veraenderung_gegenueber_vorquartal_in_,0.0
01/01/2013,originalwert_veraenderung_gegenueber_vorjahresquartal_in_,-0.4
01/01/2013,saison_und_kalenderbereinigte_werte_nach_x_13_jdemetra_in_1000,4513
01/04/2013,originalwert_in_1000,4504
01/04/2013,originalwert_veraenderung_gegenueber_vorquartal_in_,-0.3
01/04/2013,originalwert_veraenderung_gegenueber_vorjahresquartal_in_,-0.5
01/04/2013,saison_und_kalenderbereinigte_werte_nach_x_13_jdemetra_in_1000,4505
01/07/2013,originalwert_in_1000,4500
01/07/2013,originalwert_veraenderung_gegenueber_vorquartal_in_,-0.1
01/07/2013,originalwert_veraenderung_gegenueber_vorjahresquartal_in_,-0.7
01/07/2013,saison_und_kalenderbereinigte_werte_nach_x_13_jdemetra_in_1000,4498
01/10/2013,originalwert_in_1000,4486
01/10/2013,originalwert_veraenderung_gegenueber_vorquartal_in_,-0.3
01/10/2013,originalwert_veraenderung_gegenueber_vorjahresquartal_in_,-0.7
01/10/2013,saison_und_kalenderbereinigte_werte_nach_x_13_jdemetra_in_1000,4490
01/01/2014,originalwert_in_1000,4484
01/01/2014,originalwert_veraenderung_gegenueber_vorquartal_in_,-0.0
01/01/2014,originalwert_veraenderung_gegenueber_vorjahresquartal_in_,-0.7
01/01/2014,saison_und_kalenderbereinigte_werte_nach_x_13_jdemetra_in_1000,4482
01/04/2014,originalwert_in_1000,4472
01/04/2014,originalwert_veraenderung_gegenueber_vorquartal_in_,-0.3
01/04/2014,originalwert_veraenderung_gegenueber_vorjahresquartal_in_,-0.7
01/04/2014,saison_und_kalenderbereinigte_werte_nach_x_13_jdemetra_in_1000,4473
01/07/2014,originalwert_in_1000,4462
01/07/2014,originalwert_veraenderung_gegenueber_vorquartal_in_,-0.2
01/07/2014,originalwert_veraenderung_gegenueber_vorjahresquartal_in_,-0.8
01/07/2014,saison_und_kalenderbereinigte_werte_nach_x_13_jdemetra_in_1000,4461
01/10/2014,originalwert_in_1000,4447
01/10/2014,originalwert_veraenderung_gegenueber_vorquartal_in_,-0.3
01/10/2014,originalwert_veraenderung_gegenueber_vorjahresquartal_in_,-0.9
01/10/2014,saison_und_kalenderbereinigte_werte_nach_x_13_jdemetra_in_1000,4448
01/01/2015,originalwert_in_1000,4434
01/01/2015,originalwert_veraenderung_gegenueber_vorquartal_in_,-0.3
01/01/2015,originalwert_veraenderung_gegenueber_vorjahresquartal_in_,-1.1
01/01/2015,saison_und_kalenderbereinigte_werte_nach_x_13_jdemetra_in_1000,4433
01/04/2015,originalwert_in_1000,4420
01/04/2015,originalwert_veraenderung_gegenueber_vorquartal_in_,-0.3
01/04/2015,originalwert_veraenderung_gegenueber_vorjahresquartal_in_,-1.2
01/04/2015,saison_und_kalenderbereinigte_werte_nach_x_13_jdemetra_in_1000,4420
01/07/2015,originalwert_in_1000,4407
01/07/2015,originalwert_veraenderung_gegenueber_vorquartal_in_,-0.3
01/07/2015,originalwert_veraenderung_gegenueber_vorjahresquartal_in_,-1.2
01/07/2015,saison_und_kalenderbereinigte_werte_nach_x_13_jdemetra_in_1000,4406
01/10/2015,originalwert_in_1000,4395
01/10/2015,originalwert_veraenderung_gegenueber_vorquartal_in_,-0.3
01/10/2015,originalwert_veraenderung_gegenueber_vorjahresquartal_in_,-1.2
01/10/2015,saison_und_kalenderbereinigte_werte_nach_x_13_jdemetra_in_1000,4396
01/01/2016,originalwert_in_1000,4382
01/01/2016,originalwert_veraenderung_gegenueber_vorquartal_in_,-0.3
01/01/2016,originalwert_veraenderung_gegenueber_vorjahresquartal_in_,-1.2
01/01/2016,saison_und_kalenderbereinigte_werte_nach_x_13_jdemetra_in_1000,4382
01/04/2016,originalwert_in_1000,4369
01/04/2016,originalwert_veraenderung_gegenueber_vorquartal_in_,-0.3
01/04/2016,originalwert_veraenderung_gegenueber_vorjahresquartal_in_,-1.2
01/04/2016,saison_und_kalenderbereinigte_werte_nach_x_13_jdemetra_in_1000,4370
01/07/2016,originalwert_in_1000,4353
01/07/2016,originalwert_veraenderung_gegenueber_vorquartal_in_,-0.4
01/07/2016,originalwert_veraenderung_gegenueber_vorjahresquartal_in_,-1.2
01/07/2016,saison_und_kalenderbereinigte_werte_nach_x_13_jdemetra_in_1000,4354
01/10/2016,originalwert_in_1000,4336
01/10/2016,originalwert_veraenderung_gegenueber_vorquartal_in_,-0.4
01/10/2016,originalwert_veraenderung_gegenueber_vorjahresquartal_in_,-1.3
01/10/2016,saison_und_kalenderbereinigte_werte_nach_x_13_jdemetra_in_1000,4336
01/01/2017,originalwert_in_1000,4318
01/01/2017,originalwert_veraenderung_gegenueber_vorquartal_in_,-0.4
01/01/2017,originalwert_veraenderung_gegenueber_vorjahresquartal_in_,-1.5
01/01/2017,saison_und_kalenderbereinigte_werte_nach_x_13_jdemetra_in_1000,4318
01/04/2017,originalwert_in_1000,4301
01/04/2017,originalwert_veraenderung_gegenueber_vorquartal_in_,-0.4
01/04/2017,originalwert_veraenderung_gegenueber_vorjahresquartal_in_,-1.6
01/04/2017,saison_und_kalenderbereinigte_werte_nach_x_13_jdemetra_in_1000,4301
01/07/2017,originalwert_in_1000,4284
01/07/2017,originalwert_veraenderung_gegenueber_vorquartal_in_,-0.4
01/07/2017,originalwert_veraenderung_gegenueber_vorjahresquartal_in_,-1.6
01/07/2017,saison_und_kalenderbereinigte_werte_nach_x_13_jdemetra_in_1000,4285
01/10/2017,originalwert_in_1000,4269
01/10/2017,originalwert_veraenderung_gegenueber_vorquartal_in_,-0.4
01/10/2017,originalwert_veraenderung_gegenueber_vorjahresquartal_in_,-1.5
01/10/2017,saison_und_kalenderbereinigte_werte_nach_x_13_jdemetra_in_1000,4268
01/01/2018,originalwert_in_1000,4255
01/01/2018,originalwert_veraenderung_gegenueber_vorquartal_in_,-0.3
01/01/2018,originalwert_veraenderung_gegenueber_vorjahresquartal_in_,-1.5
01/01/2018,saison_und_kalenderbereinigte_werte_nach_x_13_jdemetra_in_1000,4255
01/04/2018,originalwert_in_1000,4240
01/04/2018,originalwert_veraenderung_gegenueber_vorquartal_in_,-0.4
01/04/2018,originalwert_veraenderung_gegenueber_vorjahresquartal_in_,-1.4
01/04/2018,saison_und_kalenderbereinigte_werte_nach_x_13_jdemetra_in_1000,4239
01/07/2018,originalwert_in_1000,4221
01/07/2018,originalwert_veraenderung_gegenueber_vorquartal_in_,-0.4
01/07/2018,originalwert_veraenderung_gegenueber_vorjahresquartal_in_,-1.5
01/07/2018,saison_und_kalenderbereinigte_werte_nach_x_13_jdemetra_in_1000,4222
01/10/2018,originalwert_in_1000,4200
01/10/2018,originalwert_veraenderung_gegenueber_vorquartal_in_,-0.5
01/10/2018,originalwert_veraenderung_gegenueber_vorjahresquartal_in_,-1.6
01/10/2018,saison_und_kalenderbereinigte_werte_nach_x_13_jdemetra_in_1000,4200
01/01/2019,originalwert_in_1000,4176
01/01/2019,originalwert_veraenderung_gegenueber_vorquartal_in_,-0.6
01/01/2019,originalwert_veraenderung_gegenueber_vorjahresquartal_in_,-1.9
01/01/2019,saison_und_kalenderbereinigte_werte_nach_x_13_jdemetra_in_1000,4176
01/04/2019,originalwert_in_1000,4155
01/04/2019,originalwert_veraenderung_gegenueber_vorquartal_in_,-0.5
01/04/2019,originalwert_veraenderung_gegenueber_vorjahresquartal_in_,-2.0
01/04/2019,saison_und_kalenderbereinigte_werte_nach_x_13_jdemetra_in_1000,4155
01/07/2019,originalwert_in_1000,4136
01/07/2019,originalwert_veraenderung_gegenueber_vorquartal_in_,-0.5
01/07/2019,originalwert_veraenderung_gegenueber_vorjahresquartal_in_,-2.0
01/07/2019,saison_und_kalenderbereinigte_werte_nach_x_13_jdemetra_in_1000,4136
01/10/2019,originalwert_in_1000,4117
01/10/2019,originalwert_veraenderung_gegenueber_vorquartal_in_,-0.5
01/10/2019,originalwert_veraenderung_gegenueber_vorjahresquartal_in_,-2.0
01/10/2019,saison_und_kalenderbereinigte_werte_nach_x_13_jdemetra_in_1000,4117
01/01/2020,originalwert_in_1000,4088
01/01/2020,originalwert_veraenderung_gegenueber_vorquartal_in_,-0.7
01/01/2020,originalwert_veraenderung_gegenueber_vorjahresquartal_in_,-2.1
01/01/2020,saison_und_kalenderbereinigte_werte_nach_x_13_jdemetra_in_1000,4087
01/04/2020,originalwert_in_1000,4051
01/04/2020,originalwert_veraenderung_gegenueber_vorquartal_in_,-0.9
01/04/2020,originalwert_veraenderung_gegenueber_vorjahresquartal_in_,-2.5
01/04/2020,saison_und_kalenderbereinigte_werte_nach_x_13_jdemetra_in_1000,4051
01/07/2020,originalwert_in_1000,4019
01/07/2020,originalwert_veraenderung_gegenueber_vorquartal_in_,-0.8
01/07/2020,originalwert_veraenderung_gegenueber_vorjahresquartal_in_,-2.8
01/07/2020,saison_und_kalenderbereinigte_werte_nach_x_13_jdemetra_in_1000,4019
01/10/2020,originalwert_in_1000,3998
01/10/2020,originalwert_veraenderung_gegenueber_vorquartal_in_,-0.5
01/10/2020,originalwert_veraenderung_gegenueber_vorjahresquartal_in_,-2.9
01/10/2020,saison_und_kalenderbereinigte_werte_nach_x_13_jdemetra_in_1000,3997
01/01/2021,originalwert_in_1000,3978
01/01/2021,originalwert_veraenderung_gegenueber_vorquartal_in_,-0.5
01/01/2021,originalwert_veraenderung_gegenueber_vorjahresquartal_in_,-2.7
01/01/2021,saison_und_kalenderbereinigte_werte_nach_x_13_jdemetra_in_1000,3978
01/04/2021,originalwert_in_1000,3955
01/04/2021,originalwert_veraenderung_gegenueber_vorquartal_in_,-0.6
01/04/2021,originalwert_veraenderung_gegenueber_vorjahresquartal_in_,-2.4
01/04/2021,saison_und_kalenderbereinigte_werte_nach_x_13_jdemetra_in_1000,3954
01/07/2021,originalwert_in_1000,3931
01/07/2021,originalwert_veraenderung_gegenueber_vorquartal_in_,-0.6
01/07/2021,originalwert_veraenderung_gegenueber_vorjahresquartal_in_,-2.2
01/07/2021,saison_und_kalenderbereinigte_werte_nach_x_13_jdemetra_in_1000,3932
01/10/2021,originalwert_in_1000,3912
01/10/2021,originalwert_veraenderung_gegenueber_vorquartal_in_,-0.5
01/10/2021,originalwert_veraenderung_gegenueber_vorjahresquartal_in_,-2.2
01/10/2021,saison_und_kalenderbereinigte_werte_nach_x_13_jdemetra_in_1000,3911
01/01/2022,originalwert_in_1000,3898
01/01/2022,originalwert_veraenderung_gegenueber_vorquartal_in_,-0.4
01/01/2022,originalwert_veraenderung_gegenueber_vorjahresquartal_in_,-2.0
01/01/2022,saison_und_kalenderbereinigte_werte_nach_x_13_jdemetra_in_1000,3898
01/04/2022,originalwert_in_1000,3889
01/04/2022,originalwert_veraenderung_gegenueber_vorquartal_in_,-0.2
01/04/2022,originalwert_veraenderung_gegenueber_vorjahresquartal_in_,-1.7
01/04/2022,saison_und_kalenderbereinigte_werte_nach_x_13_jdemetra_in_1000,3889
01/07/2022,originalwert_in_1000,3875
01/07/2022,originalwert_veraenderung_gegenueber_vorquartal_in_,-0.4
01/07/2022,originalwert_veraenderung_gegenueber_vorjahresquartal_in_,-1.4
01/07/2022,saison_und_kalenderbereinigte_werte_nach_x_13_jdemetra_in_1000,3876
01/10/2022,originalwert_in_1000,3857
01/10/2022,originalwert_veraenderung_gegenueber_vorquartal_in_,-0.5
01/10/2022,originalwert_veraenderung_gegenueber_vorjahresquartal_in_,-1.4
01/10/2022,saison_und_kalenderbereinigte_werte_nach_x_13_jdemetra_in_1000,3858
01/01/2023,originalwert_in_1000,3837
01/01/2023,originalwert_veraenderung_gegenueber_vorquartal_in_,-0.5
01/01/2023,originalwert_veraenderung_gegenueber_vorjahresquartal_in_,-1.6
01/01/2023,saison_und_kalenderbereinigte_werte_nach_x_13_jdemetra_in_1000,3837
01/04/2023,originalwert_in_1000,3819
01/04/2023,originalwert_veraenderung_gegenueber_vorquartal_in_,-0.5
01/04/2023,originalwert_veraenderung_gegenueber_vorjahresquartal_in_,-1.8
01/04/2023,saison_und_kalenderbereinigte_werte_nach_x_13_jdemetra_in_1000,3818
01/07/2023,originalwert_in_1000,3802
01/07/2023,originalwert_veraenderung_gegenueber_vorquartal_in_,-0.4
01/07/2023,originalwert_veraenderung_gegenueber_vorjahresquartal_in_,-1.9
01/07/2023,saison_und_kalenderbereinigte_werte_nach_x_13_jdemetra_in_1000,3802
01/10/2023,originalwert_in_1000,3784
01/10/2023,originalwert_veraenderung_gegenueber_vorquartal_in_,-0.5
01/10/2023,originalwert_veraenderung_gegenueber_vorjahresquartal_in_,-1.9
01/10/2023,saison_und_kalenderbereinigte_werte_nach_x_13_jdemetra_in_1000,3786
01/01/2024,originalwert_in_1000,3767
01/01/2024,originalwert_veraenderung_gegenueber_vorquartal_in_,-0.4
01/01/2024,originalwert_veraenderung_gegenueber_vorjahresquartal_in_,-1.8
01/01/2024,saison_und_kalenderbereinigte_werte_nach_x_13_jdemetra_in_1000,3767
01/04/2024,originalwert_in_1000,3750
01/04/2024,originalwert_veraenderung_gegenueber_vorquartal_in_,-0.5
01/04/2024,originalwert_veraenderung_gegenueber_vorjahresquartal_in_,-1.8
01/04/2024,saison_und_kalenderbereinigte_werte_nach_x_13_jdemetra_in_1000,3749
01/07/2024,originalwert_in_1000,3732
01/07/2024,originalwert_veraenderung_gegenueber_vorquartal_in_,-0.5
01/07/2024,originalwert_veraenderung_gegenueber_vorjahresquartal_in_,-1.8
01/07/2024,saison_und_kalenderbereinigte_werte_nach_x_13_jdemetra_in_1000,3732
01/10/2024,originalwert_in_1000,3711
01/10/2024,originalwert_veraenderung_gegenueber_vorquartal_in_,-0.6
01/10/2024,originalwert_veraenderung_gegenueber_vorjahresquartal_in_,-1.9
01/10/2024,saison_und_kalenderbereinigte_werte_nach_x_13_jdemetra_in_1000,3712
01/01/2025,originalwert_in_1000,3692
01/01/2025,originalwert_veraenderung_gegenueber_vorquartal_in_,-0.5
01/01/2025,originalwert_veraenderung_gegenueber_vorjahresquartal_in_,-2.0
01/01/2025,saison_und_kalenderbereinigte_werte_nach_x_13_jdemetra_in_1000,3692
01/04/2025,originalwert_in_1000,3672
01/04/2025,originalwert_veraenderung_gegenueber_vorquartal_in_,-0.5
01/04/2025,originalwert_veraenderung_gegenueber_vorjahresquartal_in_,-2.1
01/04/2025,saison_und_kalenderbereinigte_werte_nach_x_13_jdemetra_in_1000,3671
01/07/2025,originalwert_in_1000,3655
01/07/2025,originalwert_veraenderung_gegenueber_vorquartal_in_,-0.5
01/07/2025,originalwert_veraenderung_gegenueber_vorjahresquartal_in_,-2.1
01/07/2025,saison_und_kalenderbereinigte_werte_nach_x_13_jdemetra_in_1000,3655
01/10/2025,originalwert_in_1000,3640
01/10/2025,originalwert_veraenderung_gegenueber_vorquartal_in_,-0.4
01/10/2025,originalwert_veraenderung_gegenueber_vorjahresquartal_in_,-1.9
01/10/2025,saison_und_kalenderbereinigte_werte_nach_x_13_jdemetra_in_1000,3641
01/01/2026,originalwert_in_1000,3628
01/01/2026,originalwert_veraenderung_gegenueber_vorquartal_in_,-0.3
01/01/2026,originalwert_veraenderung_gegenueber_vorjahresquartal_in_,-1.7
01/01/2026,saison_und_kalenderbereinigte_werte_nach_x_13_jdemetra_in_1000,3627
01/04/2026,originalwert_in_1000,3614
01/04/2026,originalwert_veraenderung_gegenueber_vorquartal_in_,-0.4
01/04/2026,originalwert_veraenderung_gegenueber_vorjahresquartal_in_,-1.6
01/04/2026,saison_und_kalenderbereinigte_werte_nach_x_13_jdemetra_in_1000,3613
